term_id,term
fst00916915,Euthanasia
fst1000102,Literature and state
fst1010443,Marriage
fst1010769,Marshals
fst1013753,Medical care
fst1014081,Medical ethics
fst1014893,Medicine
fst1015892,Memorial books (Holocaust)
fst1015978,Men
fst1016918,Mercenary troops
fst1021419,Military readiness
fst1023626,Mischlinge (Nuremberg Laws of 1935)
fst1033761,National socialism
fst1033832,Nationalism
fst1033849,Nationalism--Religious aspects
fst1034974,Naval battles
fst1035216,Nazi hunters
fst1035218,Nazi propaganda
fst1035219,Nazis
fst1035220,Nazis--Biography
fst1047055,Oral history
fst1048423,Orphanages
fst1048493,Orthodox Judaism
fst1055758,Peace
fst1062841,Physicians
fst1068438,Police--Equipment and supplies
fst1068574,Police chiefs
fst1069153,Polish question
fst1069636,Political prisoners
fst1069781,Political science
fst1069915,Politicians
fst1071636,Population transfers--Germans
fst1075723,Presidents
fst1076416,Prime ministers
fst1077227,Prisoners of war
fst1078061,Processions
fst1078957,Propaganda
fst1079026,"Propaganda, German"
fst1079875,Protestant churches
fst1079934,Protestants
fst1081142,Psychiatrists
fst1081152,Psychiatry
fst1082238,Public health
fst1082785,Public opinion
fst1082827,Public prosecutors
fst1086311,Rabbis
fst1086616,Racism
fst1092612,Reformed Church--Clergy
fst1092797,Refugees
fst1094112,Religious life
fst1094786,Repatriation
fst1096578,Revolutionaries
fst1097945,Righteous Gentiles in the Holocaust
fst1110661,Secret service
fst1110895,"Security, International"
fst1123637,Socialism
fst1123730,Socialist parties
fst1123754,Socialists
fst1125233,Soldiers
fst1126579,"Songs, Yiddish"
fst1129359,"Speeches, addresses, etc.,
                    French"
fst1131990,Statesmen
fst1136645,Submarines (Ships)
fst1148101,Terrorism
fst1156290,Trials
fst1156320,Trials (Crimes against humanity)
fst1156388,Trials (Political crimes and offenses)
fst1156405,Trials (Seditious libel)
fst1170285,Wandering Jew
fst1170331,War--Causes
fst1170459,War crime trials
fst1170465,War crimes
fst1170469,War criminals
fst1176568,Women
fst1177801,Women in Judaism
fst1180418,Working class
fst1182824,Yiddish literature
fst1182840,Yiddish poetry
fst1184468,Zionism
fst1184502,Zionists
fst1185276,Military leadership
fst1198568,Assassination attempt
fst1198611,Captivity
fst1199220,Jewish composers
fst1202930,France--Vichy
fst1352327,Civilian war relief
fst1353232,"Holocaust, Jewish"
fst1353337,Intellectual life--Political aspects
fst1353465,Jewish question
fst1353700,Military participation--American
fst1353735,Military participation--Jewish
fst1353986,"Political and social
                    views"
fst1354086,Psychological aspects
fst1355184,"Underground movements, War"
fst1355300,War work
fst1356024,Bible
fst1356486,Protocols of the wise men of Zion
fst1405122,Vatican Council
fst1710190,Military campaigns
fst1716075,Youth movements
fst1727962,Christian civilization
fst1728849,Families
fst1730523,Jewish refugees
fst1750056,Deported children
fst796238,Actions and defenses
fst796937,Admirals
fst805278,Aliens
fst806713,Ambassadors
fst810297,Anti-Nazi movement
fst810317,Anti-communist movements
fst810329,Anti-fascist movements
fst810769,Antisemitism
fst814030,Archives
fst814586,Armed Forces
fst814617,Armed Forces--Officers
fst814815,Armies--Organization
fst818962,Assassination
fst820727,Atrocities
fst822016,"Authors, French"
fst822094,"Authors, Hebrew"
fst822124,"Authors, Israeli"
fst822435,"Authors, Yiddish"
fst827383,Bar mitzvah
fst831206,Bible and Christian union
fst833378,Bishops
fst841374,Bulgarians
fst846514,"Capitulations, Military"
fst847097,Cardinals
fst848466,Castration
fst855281,Children of Nazis
fst859554,Christian union
fst859599,Christianity
fst859644,Christianity and antisemitism
fst860364,Church
fst861909,Citizenship
fst862898,Civilization
fst864014,Clergy
fst867081,Collaborationists
fst870581,Communist parties
fst870612,Communists
fst872920,Concentration camp commandants
fst872933,Concentration camps
fst883328,Criminal law
fst883421,Criminal procedure
fst883516,Criminals
fst888710,Death marches
fst894188,Diplomacy
fst894296,"Diplomatic and consular service, Israeli"
fst894382,Diplomatic documents
fst894415,Diplomats
fst894688,Disarmament
fst897665,Drang nach Osten
fst908690,Emigration and immigration
fst908712,Emigration and immigration--Psychological aspects
fst909111,Employees
fst915129,Escapes
fst915363,Esperanto
fst915833,Ethics
fst916005,Ethnic relations
fst916915,Euthanasia
fst921551,Fascism
fst921597,Fascist propaganda
fst921598,Fascists
fst923988,Fighter pilots
fst931594,Forced labor
fst934688,French literature
fst939841,Generals
fst940208,Genocide
fst941797,German literature
fst942100,Germans
fst944037,God
fst945319,Government executives
fst950223,Haggadot
fst952677,Heads of state
fst954181,Hebrew essays
fst954398,Hebrew poetry
fst955941,Hidden children (Holocaust)
fst957686,Historians
fst958221,Historiography
fst958826,Holocaust and Jewish law
fst958827,Holocaust and Jewish law--Manuscripts
fst958838,Holocaust survivors
fst958850,Holocaust survivors--Mental health
fst958922,"Holocaust, Jewish (1939-1945) in art"
fst958923,"Holocaust, Jewish (1939-1945) in literature"
fst958927,"Holocaust, Jewish (1939-1945) in motion pictures"
fst963042,Human experimentation in medicine
fst964018,Hungarian literature
fst964057,Hungarians
fst972484,"Influence (Literary, artistic,
                    etc.)"
fst975769,Intellectual life
fst975813,"Intellectuals--Political
                    activity"
fst975848,Intelligence service
fst976891,International economic relations
fst977053,International relations
fst982635,Jewish actors
fst982642,Jewish archives
fst982658,Jewish artists
fst982665,Jewish authors
fst982692,Jewish children
fst982706,Jewish children in the Holocaust
fst982722,Jewish communists
fst982730,Jewish councils
fst982757,Jewish educators
fst982786,Jewish ghettos
fst982793,Jewish historians
fst982819,Jewish lawyers
fst982830,Jewish librarians
fst982831,Jewish libraries
fst982834,Jewish literature
fst982889,Jewish physicians
fst982894,Jewish poetry
fst982899,Jewish press
fst982902,Jewish property
fst982974,Jewish scholars
fst982985,Jewish sermons
fst982991,"Jewish sermons, German"
fst983024,Jewish statesmen
fst983041,Jewish theater
fst983050,Jewish way of life
fst983062,Jewish women
fst983135,Jews
fst983140,Jews--Antiquities
fst983160,Jews--Charities
fst983210,Jews--Education
fst983239,Jews--Health and hygiene
fst983278,Jews--Identity
fst983287,Jews--Intellectual life
fst983297,"Jews--Legal status, laws, etc"
fst983305,Jews--Medical care
fst983310,Jews--Migrations
fst983322,Jews--Persecutions
fst983330,Jews--Politics and government
fst983336,Jews--Population
fst983360,Jews--Social conditions
fst983364,Jews--Social life and customs
fst983392,Jews in public life
fst983551,"Jews, Yugoslav"
fst984280,Judaism
fst984436,Judaism and literature
fst985153,Justice ministers
fst987694,Kings and rulers
fst989798,Labor
fst990079,Labor movement
fst993678,Law
fst994346,Lawyers
fst995636,Legislation
fst995828,Legislators
fst997301,Librarians
fst997341,Libraries
fst999953,Literature
fstfst1069781,Political science
fstfst1076416,Prime ministers
fstfst1131990,Statesmen
fstfst1355184,"Underground movements, War"
fstfst894415,Diplomats
